"70"|"3"|"http://seoii.es/resources/3"
"70"|"4"|"http://seoii.es/resources/4"
"58"|"5"|"http://seoii.es/resources/5"
"58"|"6"|"http://seoii.es/resources/6"
"58"|"7"|"http://seoii.es/resources/7"
"57"|"8"|"http://seoii.es/resources/8"
"57"|"9"|"http://seoii.es/resources/9"
"57"|"10"|"http://seoii.es/resources/10"
"57"|"11"|"http://seoii.es/resources/11"
"57"|"12"|"http://seoii.es/resources/12"
"57"|"13"|"http://seoii.es/resources/13"
"59"|"14"|"http://seoii.es/resources/14"
"59"|"15"|"http://seoii.es/resources/15"
"59"|"17"|"http://seoii.es/resources/17"
"59"|"19"|"http://seoii.es/resources/19"
"59"|"20"|"http://seoii.es/resources/20"
"59"|"21"|"http://seoii.es/resources/21"
"59"|"22"|"http://seoii.es/resources/22"
"59"|"23"|"http://seoii.es/resources/23"
"59"|"24"|"http://seoii.es/resources/24"
"59"|"25"|"http://seoii.es/resources/25"
"59"|"26"|"http://seoii.es/resources/26"
"59"|"27"|"http://seoii.es/resources/27"
"59"|"28"|"http://seoii.es/resources/28"
"59"|"29"|"http://seoii.es/resources/29"
"59"|"31"|"http://seoii.es/resources/31"
"59"|"32"|"http://seoii.es/resources/32"
"59"|"33"|"http://seoii.es/resources/33"
"59"|"34"|"http://seoii.es/resources/34"
"59"|"35"|"http://seoii.es/resources/35"
"59"|"36"|"http://seoii.es/resources/36"
"59"|"37"|"http://seoii.es/resources/37"
"59"|"38"|"http://seoii.es/resources/38"
"59"|"39"|"http://seoii.es/resources/39"
"59"|"40"|"http://seoii.es/resources/40"
"59"|"41"|"http://seoii.es/resources/41"
"59"|"42"|"http://seoii.es/resources/42"
"59"|"43"|"http://seoii.es/resources/43"
"59"|"44"|"http://seoii.es/resources/44"
"59"|"45"|"http://seoii.es/resources/45"
"59"|"46"|"http://seoii.es/resources/46"
"59"|"47"|"http://seoii.es/resources/47"
"59"|"48"|"http://seoii.es/resources/48"
"59"|"49"|"http://seoii.es/resources/49"
"59"|"50"|"http://seoii.es/resources/50"
"59"|"51"|"http://seoii.es/resources/51"
"73"|"53"|"http://seoii.es/resources/53"
"73"|"55"|"http://seoii.es/resources/55"
"73"|"57"|"http://seoii.es/resources/57"
"58"|"60"|"http://seoii.es/resources/60"
"58"|"62"|"http://seoii.es/resources/62"
"58"|"63"|"http://seoii.es/resources/63"
"58"|"64"|"http://seoii.es/resources/64"
"58"|"65"|"http://seoii.es/resources/65"
"58"|"66"|"http://seoii.es/resources/66"
"58"|"67"|"http://seoii.es/resources/67"
"58"|"68"|"http://seoii.es/resources/68"
"58"|"69"|"http://seoii.es/resources/69"
"58"|"70"|"http://seoii.es/resources/70"
"58"|"71"|"http://seoii.es/resources/71"
"58"|"72"|"http://seoii.es/resources/72"
"58"|"73"|"http://seoii.es/resources/73"
"58"|"74"|"http://seoii.es/resources/74"
"58"|"75"|"http://seoii.es/resources/75"
"58"|"76"|"http://seoii.es/resources/76"
"58"|"77"|"http://seoii.es/resources/77"
"58"|"78"|"http://seoii.es/resources/78"
"58"|"79"|"http://seoii.es/resources/79"
"58"|"80"|"http://seoii.es/resources/80"
"58"|"81"|"http://seoii.es/resources/81"
"58"|"82"|"http://seoii.es/resources/82"
"58"|"83"|"http://seoii.es/resources/83"
"58"|"84"|"http://seoii.es/resources/84"
"57"|"92"|"http://seoii.es/resources/92"
"57"|"93"|"http://seoii.es/resources/93"
"57"|"94"|"http://seoii.es/resources/94"
"57"|"95"|"http://seoii.es/resources/95"
"57"|"96"|"http://seoii.es/resources/96"
"57"|"97"|"http://seoii.es/resources/97"
"57"|"98"|"http://seoii.es/resources/98"
"57"|"100"|"http://seoii.es/resources/100"
"57"|"101"|"http://seoii.es/resources/101"
"57"|"102"|"http://seoii.es/resources/102"
"57"|"103"|"http://seoii.es/resources/103"
"57"|"104"|"http://seoii.es/resources/104"
"57"|"105"|"http://seoii.es/resources/105"
"78"|"106"|"http://seoii.es/resources/106"
"78"|"107"|"http://seoii.es/resources/107"
"78"|"108"|"http://seoii.es/resources/108"
"78"|"109"|"http://seoii.es/resources/109"
"78"|"110"|"http://seoii.es/resources/110"
"78"|"111"|"http://seoii.es/resources/111"
"78"|"112"|"http://seoii.es/resources/112"
"78"|"113"|"http://seoii.es/resources/113"
"78"|"114"|"http://seoii.es/resources/114"
"78"|"115"|"http://seoii.es/resources/115"
"78"|"116"|"http://seoii.es/resources/116"
"78"|"117"|"http://seoii.es/resources/117"
"71"|"125"|"http://seoii.es/resources/125"
"71"|"126"|"http://seoii.es/resources/126"
"71"|"127"|"http://seoii.es/resources/127"
"71"|"128"|"http://seoii.es/resources/128"
"71"|"129"|"http://seoii.es/resources/129"
"71"|"130"|"http://seoii.es/resources/130"
"71"|"131"|"http://seoii.es/resources/131"
"71"|"132"|"http://seoii.es/resources/132"
"71"|"133"|"http://seoii.es/resources/133"
"71"|"134"|"http://seoii.es/resources/134"
"71"|"135"|"http://seoii.es/resources/135"
"71"|"136"|"http://seoii.es/resources/136"
"71"|"137"|"http://seoii.es/resources/137"
"71"|"138"|"http://seoii.es/resources/138"
"71"|"139"|"http://seoii.es/resources/139"
"71"|"140"|"http://seoii.es/resources/140"
"71"|"141"|"http://seoii.es/resources/141"
"71"|"142"|"http://seoii.es/resources/142"
"71"|"143"|"http://seoii.es/resources/143"
"71"|"144"|"http://seoii.es/resources/144"
"71"|"145"|"http://seoii.es/resources/145"
"71"|"146"|"http://seoii.es/resources/146"
"71"|"147"|"http://seoii.es/resources/147"
"71"|"148"|"http://seoii.es/resources/148"
"71"|"149"|"http://seoii.es/resources/149"
"71"|"150"|"http://seoii.es/resources/150"
"71"|"151"|"http://seoii.es/resources/151"
"71"|"152"|"http://seoii.es/resources/152"
"71"|"153"|"http://seoii.es/resources/153"
"71"|"154"|"http://seoii.es/resources/154"
"71"|"155"|"http://seoii.es/resources/155"
"71"|"156"|"http://seoii.es/resources/156"
"71"|"157"|"http://seoii.es/resources/157"
"71"|"158"|"http://seoii.es/resources/158"
"71"|"159"|"http://seoii.es/resources/159"
"71"|"160"|"http://seoii.es/resources/160"
"71"|"161"|"http://seoii.es/resources/161"
"71"|"162"|"http://seoii.es/resources/162"
"71"|"163"|"http://seoii.es/resources/163"
"71"|"164"|"http://seoii.es/resources/164"
"84"|"165"|"http://seoii.es/resources/165"
"84"|"166"|"http://seoii.es/resources/166"
"85"|"168"|"http://seoii.es/resources/168"
"86"|"169"|"http://seoii.es/resources/169"
"86"|"170"|"http://seoii.es/resources/170"
"86"|"171"|"http://seoii.es/resources/171"
"86"|"172"|"http://seoii.es/resources/172"
"86"|"173"|"http://seoii.es/resources/173"
"86"|"174"|"http://seoii.es/resources/174"
"86"|"175"|"http://seoii.es/resources/175"
"86"|"176"|"http://seoii.es/resources/176"
"86"|"177"|"http://seoii.es/resources/177"
"86"|"178"|"http://seoii.es/resources/178"
"86"|"179"|"http://seoii.es/resources/179"
"86"|"180"|"http://seoii.es/resources/180"
"86"|"181"|"http://seoii.es/resources/181"
"86"|"182"|"http://seoii.es/resources/182"
"86"|"183"|"http://seoii.es/resources/183"
"86"|"184"|"http://seoii.es/resources/184"
"86"|"185"|"http://seoii.es/resources/185"
"86"|"186"|"http://seoii.es/resources/186"
"86"|"187"|"http://seoii.es/resources/187"
"86"|"188"|"http://seoii.es/resources/188"
"86"|"189"|"http://seoii.es/resources/189"
"86"|"190"|"http://seoii.es/resources/190"
"87"|"191"|"http://seoii.es/resources/191"
"88"|"192"|"http://seoii.es/resources/192"
"88"|"193"|"http://seoii.es/resources/193"
"88"|"194"|"http://seoii.es/resources/194"
"88"|"195"|"http://seoii.es/resources/195"
"88"|"196"|"http://seoii.es/resources/196"
"88"|"197"|"http://seoii.es/resources/197"
"88"|"198"|"http://seoii.es/resources/198"
"88"|"199"|"http://seoii.es/resources/199"
"88"|"200"|"http://seoii.es/resources/200"
"88"|"201"|"http://seoii.es/resources/201"
"88"|"202"|"http://seoii.es/resources/202"
"88"|"203"|"http://seoii.es/resources/203"
"88"|"204"|"http://seoii.es/resources/204"
"88"|"205"|"http://seoii.es/resources/205"
"88"|"206"|"http://seoii.es/resources/206"
"88"|"207"|"http://seoii.es/resources/207"
"88"|"208"|"http://seoii.es/resources/208"
"88"|"209"|"http://seoii.es/resources/209"
"88"|"210"|"http://seoii.es/resources/210"
"88"|"211"|"http://seoii.es/resources/211"
"88"|"212"|"http://seoii.es/resources/212"
"88"|"213"|"http://seoii.es/resources/213"
"88"|"214"|"http://seoii.es/resources/214"
"89"|"215"|"http://seoii.es/resources/215"
"90"|"216"|"http://seoii.es/resources/216"
"91"|"218"|"http://seoii.es/resources/218"
"91"|"220"|"http://seoii.es/resources/220"
"92"|"221"|"http://seoii.es/resources/221"
"92"|"222"|"http://seoii.es/resources/222"
"93"|"223"|"http://seoii.es/resources/223"
"94"|"224"|"http://seoii.es/resources/224"
"94"|"225"|"http://seoii.es/resources/225"
"94"|"226"|"http://seoii.es/resources/226"
"94"|"227"|"http://seoii.es/resources/227"
"94"|"228"|"http://seoii.es/resources/228"
"94"|"229"|"http://seoii.es/resources/229"
"94"|"230"|"http://seoii.es/resources/230"
"96"|"231"|"http://seoii.es/resources/231"
"96"|"232"|"http://seoii.es/resources/232"
"96"|"233"|"http://seoii.es/resources/233"
"96"|"234"|"http://seoii.es/resources/234"
"96"|"235"|"http://seoii.es/resources/235"
"96"|"236"|"http://seoii.es/resources/236"
"96"|"237"|"http://seoii.es/resources/237"
"73"|"238"|"http://seoii.es/resources/238"
"73"|"239"|"http://seoii.es/resources/239"
"73"|"240"|"http://seoii.es/resources/240"
"73"|"241"|"http://seoii.es/resources/241"
"73"|"242"|"http://seoii.es/resources/242"
"73"|"244"|"http://seoii.es/resources/244"
"73"|"245"|"http://seoii.es/resources/245"
"73"|"246"|"http://seoii.es/resources/246"
"73"|"247"|"http://seoii.es/resources/247"
"73"|"248"|"http://seoii.es/resources/248"
"73"|"249"|"http://seoii.es/resources/249"
"73"|"250"|"http://seoii.es/resources/250"
"73"|"251"|"http://seoii.es/resources/251"
"73"|"252"|"http://seoii.es/resources/252"
"73"|"253"|"http://seoii.es/resources/253"
"73"|"254"|"http://seoii.es/resources/254"
"73"|"255"|"http://seoii.es/resources/255"
"73"|"256"|"http://seoii.es/resources/256"
"73"|"257"|"http://seoii.es/resources/257"
"73"|"258"|"http://seoii.es/resources/258"
"73"|"259"|"http://seoii.es/resources/259"
"73"|"260"|"http://seoii.es/resources/260"
"73"|"261"|"http://seoii.es/resources/261"
"73"|"262"|"http://seoii.es/resources/262"
"73"|"263"|"http://seoii.es/resources/263"
"98"|"265"|"http://seoii.es/resources/265"
"99"|"266"|"http://seoii.es/resources/266"
"99"|"267"|"http://seoii.es/resources/267"
"99"|"268"|"http://seoii.es/resources/268"
"100"|"271"|"http://seoii.es/resources/271"
"101"|"273"|"http://seoii.es/resources/273"
"97"|"276"|"http://seoii.es/resources/276"
"97"|"277"|"http://seoii.es/resources/277"
"97"|"278"|"http://seoii.es/resources/278"
"97"|"279"|"http://seoii.es/resources/279"
"97"|"280"|"http://seoii.es/resources/280"
"97"|"281"|"http://seoii.es/resources/281"
"97"|"282"|"http://seoii.es/resources/282"
"97"|"283"|"http://seoii.es/resources/283"
"97"|"284"|"http://seoii.es/resources/284"
"97"|"286"|"http://seoii.es/resources/286"
"97"|"287"|"http://seoii.es/resources/287"
"73"|"288"|"http://seoii.es/resources/288"
"73"|"289"|"http://seoii.es/resources/289"
"73"|"291"|"http://seoii.es/resources/291"
"104"|"292"|"http://seoii.es/resources/292"
"104"|"293"|"http://seoii.es/resources/293"
"105"|"294"|"http://seoii.es/resources/294"
"106"|"295"|"http://seoii.es/resources/295"
"106"|"296"|"http://seoii.es/resources/296"
"107"|"297"|"http://seoii.es/resources/297"
"107"|"298"|"http://seoii.es/resources/298"
"108"|"299"|"http://seoii.es/resources/299"
"108"|"300"|"http://seoii.es/resources/300"
"109"|"302"|"http://seoii.es/resources/302"
"109"|"303"|"http://seoii.es/resources/303"
"110"|"304"|"http://seoii.es/resources/304"
"110"|"305"|"http://seoii.es/resources/305"
"110"|"306"|"http://seoii.es/resources/306"
"110"|"307"|"http://seoii.es/resources/307"
"110"|"308"|"http://seoii.es/resources/308"
"110"|"309"|"http://seoii.es/resources/309"
"110"|"310"|"http://seoii.es/resources/310"
"110"|"311"|"http://seoii.es/resources/311"
"110"|"312"|"http://seoii.es/resources/312"
"110"|"313"|"http://seoii.es/resources/313"
"110"|"314"|"http://seoii.es/resources/314"
"110"|"315"|"http://seoii.es/resources/315"
"110"|"316"|"http://seoii.es/resources/316"
"110"|"317"|"http://seoii.es/resources/317"
"110"|"318"|"http://seoii.es/resources/318"
"110"|"319"|"http://seoii.es/resources/319"
"110"|"320"|"http://seoii.es/resources/320"
"110"|"321"|"http://seoii.es/resources/321"
"111"|"323"|"http://seoii.es/resources/323"
"96"|"325"|"http://seoii.es/resources/325"
"113"|"328"|"http://seoii.es/resources/328"
"113"|"330"|"http://seoii.es/resources/330"
"113"|"331"|"http://seoii.es/resources/331"
"113"|"332"|"http://seoii.es/resources/332"
"113"|"333"|"http://seoii.es/resources/333"
"113"|"334"|"http://seoii.es/resources/334"
"113"|"335"|"http://seoii.es/resources/335"
"113"|"336"|"http://seoii.es/resources/336"
"114"|"337"|"http://seoii.es/resources/337"
"115"|"340"|"http://seoii.es/resources/340"
"115"|"341"|"http://seoii.es/resources/341"
